1,Arida
2,Reuido
3,Anarquico
4,Caliz
5,Axpiar
6,Jentío
7,Colibri
8,Onuvense
9,Aflijir
10,Herege
11,Borax
12,Haro
13,Bolátil
14,Púver
15,Postmoderno
16,Desandubimos
17,Postventa
18,Biejo
19,Injente
20,Ugier
21,Hojeras
22,Vetusto
23,Buscabidas
24,Bienechor
25,Vice-almiranta
26,Enoviarse
27,Valaustrada
28,Escitativo
29,Hacervo
30,Aprehénder
31,Calava
32,Emogi
33,Estirpar
34,Estirpe
35,Hatajar
36,Ursufruto
37,Tolba
38,Judeoespañol
39,Baovab
40,Veintiavo
41,Mejunge
42,Edor
43,Ocico
44,Cuasidelito
45,Venzina
46,Biático
47,Benzeno
48,Borágine
49,Esequias
50,Palpusa
51,Luxacion
52,Baul
53,Dicionario
54,Llugular
55,Ganzua
56,Quincuajésima
57,Ciclico
58,Soslallado
59,Guión
60,Truhán
61,Honrra
62,Hoquedad
63,Máinel
64,Ímprovo
65,Victima
66,Décimoprimero
67,Mujir
68,Amnistia
69,Extrarradio
70,Estivar
71,Addicar
72,Ostinarse
73,Repruevo
74,Hablativo
75,Extremunción
76,Aínco
77,Avalanzar
78,Balija
79,Hotear
80,Accésit
81,Extigma
82,Hectaedro
83,Deshonrra
84,Reén
85,Cizaya
86,Veligerante
87,Cegijunto
88,Enagenar
89,Bejiga
90,Incar
91,Isopo
92,Bastárdo
93,Vayna
94,Berruga
95,Ántras
96,Hervíboro
97,Emponzoñáda
98,Cinzaña
99,Extriado
100,Idolo
101,Antidiluviano
102,Ostuso
103,Heros
104,Güita
105,Dedalo
106,Camping
107,Bunker
108,Vayvén
109,Halmoneda
110,Quincaya
111,Yatrogénia
112,Flexiglás
113,Istituto
114,Estalacmita
115,Cervíz
116,Debanar
117,Ferry
118,Ad nauseam
119,Basquet
120,Córbido
121,Laud
122,Ópus
123,Adlatere
124,Bungalow
125,Esplayar
126,Guisqui
127,Parpebral
128,Repoquer
129,Dundum
130,Uero
131,Tetrabric
132,Gasóil
133,Ostinado
134,Haporofobia
135,Aderir
136,Minjitorio
137,Primojénito
138,Tóxigo
139,Hermitaño
140,Hemérito
141,Hemicíclo
142,Estandar
143,Traya
144,Olgazán
145,Inverbe
146,Labil
147,Talamo
148,Deprabado
149,Elojio
150,Olocausto
151,Lesibo
152,Flamíjero
153,Gentíl
154,Invuir
155,Ológrafo
156,Abutarda
157,Serrayo
158,Adiccion
159,Larguilucho
160,Usmear
161,Casva
162,Burca
163,Exación
164,Axfisia
165,Exigüo
166,Exhuberante
167,Lacallo
168,Cipallo
169,Lonjevo
170,Solennemente
171,Interbenir
172,Visagra
173,Desauciar
174,Lascibo
175,Abalancha
176,Apollar
177,Empoyar
178,Trivunal
179,Arvotante
180,Consangüinidad
181,Rubríca
182,Fraticida
183,Cenovio
184,Abaco
185,Caval
186,Dádiba
187,Jarave
188,Lapiz
189,Reho
190,Totem
191,Váculo
192,Minbre
193,Iceberg
194,Gefatura
195,Diba
196,Dibulgar
197,Bulgo
198,Busted
199,Inlegible
200,Barrullero