1,Árida,
2,Rehuido,
3,Anárquico,
4,Cáliz,
5,Expiar,
6,Gentío,
7,Colibrí,
8,Onubense,
9,Afligir,
10,Hereje,
11,Bórax,
12,Aro,
13,Volátil,
14,Púber,
15,Póstmoderno,
16,Desanduvimos,
17,Postventa,
18,Viejo,
19,Ingente,
20,Ujier,
21,Hojear,
22,Betusto,
23,Buscavidas,
24,Bienhechor,
25,Vicealmiranta,
26,Ennoviarse,
27,Balaustrada,
28,Excitativo,
29,Acervo,
30,Aprehender,
31,Calaba,
32,Emoji,
33,Extirpar,
34,Extirpe,
35,Atajar,
36,Usufruto,
37,Tolva,
38,Judeoespañol,
39,Baobab,
40,Veinteavo,
41,Mejunje,
42,Hedor,
43,Hocico,
44,Cuasidelito,
45,Benzina,
46,Viático,
47,Benceno,
48,Vorágine,
49,Exequias,
50,Parpusa,
51,Luxación,
52,Baúl,
53,Diccionario,
54,Yugular,
55,Ganzúa,
56,Quincuagésima,
57,Cíclico,
58,Soslayado,
59,Guion,
60,Truhan,
61,Honra,
62,Oquedad,
63,Mainel,
64,Ímprobo,
65,Víctima,
66,Decimoprimero,
67,Mugir,
68,Amnistía,
69,Extrarradio,
70,Estibar,
71,Abdicar,
72,Obstinarse,
73,Repruebo,
74,Ablativo,
75,Extremaunción,
76,Ahínco,
77,Abalanzar,
78,Valija,
79,Otear,
80,Accésit,
81,Estigma,
82,Heptaedro,
83,Deshonra,
84,Rehén,
85,Cizalla,
86,Beligerante,
87,Cejijunto,
88,Enajenar,
89,Vejiga,
90,Hincar,
91,Hisopo,
92,Bastardo,
93,Vaina,
94,Verruga,
95,Ántrax,
96,Herbívoro,
97,Emponzoñada,
98,Cizaña,
99,Estriado,
100,Ídolo,
101,Antediluviano,
102,Obtuso,
103,Eros,
104,Guita,
105,Dédalo,
106,Camping,
107,Búnker,
108,Vaivén,
109,Almoneda,
110,Quincalla,
111,Yatrogenia,
112,Plexiglás,
113,Instituto,
114,Estalagmita,
115,Cerviz,
116,Devanar,
117,Ferri,
118,Ad nauseam,
119,Básquet,
120,Córvido,
121,Laúd,
122,Opus,
123,Adlátere,
124,Bungalow,
125,Explayar,
126,Güisqui,
127,Palpebral,
128,Repóquer,
129,Dumdum,
130,Huero,
131,Tetrabrik,
132,Gasoil,
133,Obstinado,
134,Aporofobia,
135,Adherir,
136,Mingitorio,
137,Primogénito,
138,Tósigo,
139,Ermitaño,
140,Emérito,
141,Hemiciclo,
142,Estándar,
143,Tralla,
144,Holgazán,
145,Imberbe,
146,Lábil,
147,Tálamo,
148,Depravado,
149,Elogio,
150,Holocausto,
151,Lesivo,
152,Flamígero,
153,Gentil,
154,Imbuir,
155,Hológrafo,
156,Avutarda,
157,Serrallo,
158,Adicción,
159,Larguirucho,
160,Husmear,
161,Casba,
162,Burka,
163,Exacción,
164,Asfixia,
165,Exiguo,
166,Exuberante,
167,Lacayo,
168,Cipayo,
169,Longevo,
170,Solemnemente,
171,Intervenir,
172,Bisagra,
173,Desahuciar,
174,Lascivo,
175,Avalancha,
176,Apoyar,
177,Empollar,
178,Tribunal,
179,Arbotante,
180,Consanguinidad,
181,Rúbrica,
182,Fratricida,
183,Cenobio,
184,Ábaco,
185,Cabal,
186,Dádiva,
187,Jarabe,
188,Lápiz,
189,Reo,
190,Tótem,
191,Báculo,
192,Mimbre,
193,Iceberg,
194,Jefatura,
195,Diva,
196,Divulgar,
197,Vulgo,
198,Vusted,
199,Ininteligible,
200,Barullero,